id,name,title,parent_id
1,Alexandra Sterling,CEO,
2,Ruth Patel,CTO,1
3,Harry Hall,CFO,1
4,Carol Sanchez,COO,1
5,Brandon Gray,CHRO,1
6,Victoria Wilson,CMO,1
7,Carolyn Moore,CIO,1
8,Harry Gonzalez,SVP Sales,1
9,Ralph Moore,General Counsel,1
10,Nicole Perez,EA to CEO,1
11,Raymond Reed,Strategy Advisor,1
12,Doris Peterson,Chief of Staff,1
13,Janice Ramirez,VP Operations,2
14,Martha Rivera,VP Design,2
15,Janice Brown,VP Design,2
16,Jose Brown,VP Legal,3
17,Daniel Robinson,VP Engineering,3
18,Roger Miller,VP HR,3
19,Bryan Watson,VP HR,3
20,Abigail Mitchell,VP Operations,3
21,Megan Davis,VP Finance,4
22,Thomas Morgan,VP Marketing,4
23,Angela Mendoza,VP Sales,4
24,Philip Edwards,VP Legal,5
25,Charlotte Watson,VP Infrastructure,5
26,Stephen Hughes,VP Security,5
27,Bobby Rivera,VP Engineering,5
28,Betty Collins,VP Design,5
29,Alan Moore,VP Product,6
30,Alan Alvarez,VP Sales,6
31,Diane Long,VP Sales,6
32,Christian Young,VP Infrastructure,6
33,Bobby Wood,VP Finance,7
34,Dylan Thomas,VP HR,7
35,Justin Allen,VP Data,7
36,Mark Thomas,VP Sales,8
37,Samuel Taylor,VP Infrastructure,8
38,Charles Ward,VP Product,8
39,Brenda Morgan,VP Infrastructure,9
40,Willie Myers,VP Finance,9
41,Cynthia Richardson,VP Security,9
42,Cynthia King,VP HR,9
43,Justin Nguyen,Director of Platform,13
44,Margaret Collins,Director of Infrastructure,13
45,Kenneth Kim,Director of Design,13
46,Nathan Mitchell,Director of Analytics,14
47,Henry Myers,Director of Analytics,14
48,Sandra Perez,Director of Data,14
49,Frances Williams,Director of Product,15
50,James Williams,Director of Data,15
51,Vincent Carter,Director of Cloud,15
52,Emily Nguyen,Director of Product,16
53,Harry Thompson,Director of Frontend,16
54,Jessica Taylor,Director of Analytics,17
55,Gary Mitchell,Director of Platform,17
56,Patrick Cook,Director of Data,17
57,Jack Perez,Director of Mobile,18
58,Alan Edwards,Director of Design,18
59,Danielle Wood,Director of Analytics,18
60,Isabella Jones,Director of Data,19
61,Kathleen Reyes,Director of Engineering,19
62,Catherine Mitchell,Director of Product,19
63,Cynthia Reyes,Director of Infrastructure,20
64,Lawrence Bennett,Director of Data,20
65,Kelly Wilson,Director of Cloud,20
66,Isabella Myers,Director of Infrastructure,20
67,Logan Cox,Director of Analytics,21
68,Gloria Ramirez,Director of Backend,21
69,Sharon Adams,Director of Mobile,21
70,Brandon King,Director of Cloud,21
71,Mark Brooks,Director of Cloud,22
72,Willie Cooper,Director of Backend,22
73,Frances Watson,Director of Data,22
74,Ryan James,Director of Platform,23
75,Lauren Ward,Director of Product,23
76,Jonathan Miller,Director of Engineering,24
77,Denise Carter,Director of DevOps,24
78,Willie Morales,Director of Security,25
79,Teresa Richardson,Director of Analytics,25
80,Gary Harris,Director of Product,25
81,Keith Rivera,Director of Engineering,26
82,Anthony Mendoza,Director of Platform,26
83,Carl Stewart,Director of Product,26
84,Adam Jackson,Director of Infrastructure,27
85,Marilyn Collins,Director of Product,27
86,Jacqueline Castillo,Director of Cloud,28
87,Lawrence Jackson,Director of Analytics,28
88,Diana Johnson,Director of Infrastructure,28
89,Douglas Thomas,Director of Mobile,29
90,Maria Hernandez,Director of Engineering,29
91,Nathan Wilson,Director of QA,30
92,Richard Chavez,Director of Frontend,30
93,Aaron Lewis,Director of Frontend,30
94,Ryan Hernandez,Director of Platform,30
95,Karen Ramos,Director of Product,31
96,Kevin Mendoza,Director of Backend,31
97,Nicholas Baker,Director of Security,32
98,Gerald Gray,Director of Backend,32
99,Donna Adams,Director of Frontend,32
100,Bruce Nelson,Director of Product,32
101,Denise Castillo,Director of Mobile,33
102,Christian Perez,Director of Product,33
103,Daniel Reed,Director of Design,33
104,Joyce Hernandez,Director of Frontend,33
105,Vincent Gray,Director of Security,34
106,Catherine Hughes,Director of DevOps,34
107,Harold Foster,Director of Infrastructure,35
108,Olivia Diaz,Director of Product,35
109,Olivia Cook,Director of Product,35
110,Lauren Brooks,Director of Analytics,35
111,Adam Patel,Director of Frontend,36
112,Ruth Hughes,Director of Design,36
113,Lauren Foster,Director of Mobile,36
114,Kevin King,Director of Design,36
115,Luis Jimenez,Director of Cloud,37
116,Peter Martinez,Director of Cloud,37
117,Ronald Jackson,Director of DevOps,37
118,Eugene Wood,Director of Mobile,38
119,Joyce Rogers,Director of Frontend,38
120,Billy Taylor,Director of Backend,39
121,Kelly Roberts,Director of Backend,39
122,Betty Torres,Director of Frontend,39
123,Daniel Bailey,Director of Security,40
124,Julie Flores,Director of Mobile,40
125,Jennifer Phillips,Director of Product,40
126,John Garcia,Director of Design,41
127,Melissa Jones,Director of Platform,41
128,Cheryl Bailey,Director of Engineering,41
129,Christina Anderson,Director of Design,42
130,Joshua Peterson,Director of Security,42
131,Lisa Green,Director of Security,42
132,Nancy Brown,Director of Analytics,42
133,Nancy Kim,Data Science Manager,43
134,Katherine Gomez,Data Science Manager,43
135,Philip Ramos,QA Manager,44
136,Carl Perez,Sr Engineering Manager,44
137,Anthony Hughes,QA Manager,44
138,Nicole Ramirez,QA Manager,45
139,Janice Lee,Engineering Manager,45
140,Cheryl Moore,Engineering Manager,46
141,Douglas Myers,Data Science Manager,46
142,Ruth Chavez,Sr Engineering Manager,47
143,Diana Scott,Sr Engineering Manager,47
144,Jacqueline Anderson,DevOps Manager,47
145,Carol Scott,Sr Engineering Manager,48
146,David Torres,Engineering Manager,48
147,Stephanie Collins,Engineering Manager,48
148,Raymond Mendoza,QA Manager,49
149,Marie Murphy,Sr Engineering Manager,49
150,Bryan Taylor,Engineering Manager,49
151,Madison Williams,Product Manager,50
152,Lisa Gray,QA Manager,50
153,Michelle Campbell,Engineering Manager,50
154,Albert Turner,Data Science Manager,51
155,Adam Lee,Engineering Manager,51
156,Frances Anderson,Design Manager,51
157,Timothy Chavez,Product Manager,52
158,Harold Mitchell,Product Manager,52
159,Laura Taylor,Sr Engineering Manager,53
160,Charlotte Lewis,Design Manager,53
161,Christopher Parker,Product Manager,54
162,Thomas Gomez,Sr Engineering Manager,54
163,Virginia Ward,Sr Engineering Manager,54
164,Alexander Moore,DevOps Manager,55
165,Raymond Garcia,QA Manager,55
166,Diana Price,QA Manager,56
167,Laura Wright,Sr Engineering Manager,56
168,Alice Lopez,Sr Engineering Manager,56
169,Ethan King,Sr Engineering Manager,57
170,Charles Hughes,Data Science Manager,57
171,Emma Wilson,DevOps Manager,58
172,Alan Lewis,QA Manager,58
173,Dylan Scott,Engineering Manager,59
174,Anthony King,Design Manager,59
175,Logan Ruiz,Sr Engineering Manager,59
176,Jennifer Flores,QA Manager,60
177,Stephanie Hernandez,DevOps Manager,60
178,Anna Rivera,Design Manager,60
179,Deborah Campbell,Engineering Manager,61
180,Doris Williams,Engineering Manager,61
181,Janice Cox,Sr Engineering Manager,62
182,Helen Myers,Data Science Manager,62
183,Dennis Long,Data Science Manager,63
184,Janice Rogers,Data Science Manager,63
185,Joshua Cook,Sr Engineering Manager,63
186,Olivia Phillips,Product Manager,64
187,Dennis Jimenez,Sr Engineering Manager,64
188,Linda Hill,Product Manager,64
189,Cynthia Thompson,Data Science Manager,65
190,Jean Gutierrez,Sr Engineering Manager,65
191,Peter Hall,Sr Engineering Manager,66
192,Christine Wright,QA Manager,66
193,Cheryl Kelly,Sr Engineering Manager,67
194,Dennis Long,Sr Engineering Manager,67
195,Olivia Smith,Product Manager,67
196,Gary Young,Data Science Manager,68
197,Jean Gray,Product Manager,68
198,Amber Wood,QA Manager,68
199,Charles Howard,Data Science Manager,69
200,Danielle Miller,Product Manager,69
201,Judy Hill,Product Manager,69
202,Virginia Hughes,QA Manager,70
203,Linda Wood,DevOps Manager,70
204,Matthew Robinson,Data Science Manager,70
205,Austin Rivera,Engineering Manager,71
206,Natalie Morris,QA Manager,71
207,Linda Diaz,Engineering Manager,71
208,Wayne Morgan,Sr Engineering Manager,72
209,George Castillo,Design Manager,72
210,Roy Lee,Engineering Manager,73
211,Teresa Ruiz,Product Manager,73
212,Rebecca Nguyen,Data Science Manager,74
213,Thomas Gray,QA Manager,74
214,Kathryn Myers,Product Manager,74
215,Dylan Allen,QA Manager,75
216,Frances Allen,QA Manager,75
217,Joshua Mitchell,Sr Engineering Manager,76
218,Christian Adams,Data Science Manager,76
219,Elizabeth Nguyen,QA Manager,77
220,Diana Moore,Sr Engineering Manager,77
221,Carol Gutierrez,Design Manager,78
222,Janet Flores,QA Manager,78
223,Diana Hughes,Sr Engineering Manager,79
224,Vincent Peterson,DevOps Manager,79
225,Heather Nguyen,QA Manager,79
226,Christine Mendoza,Data Science Manager,80
227,George Miller,Sr Engineering Manager,80
228,Ruth Garcia,Data Science Manager,81
229,Shirley Watson,Product Manager,81
230,David Reed,Data Science Manager,82
231,Natalie Thomas,Sr Engineering Manager,82
232,Amber Lee,Engineering Manager,83
233,Jeffrey Wood,DevOps Manager,83
234,Kathryn Parker,QA Manager,83
235,Charlotte Robinson,Product Manager,84
236,Walter Brooks,Engineering Manager,84
237,Samuel Young,Engineering Manager,85
238,Teresa Reed,Sr Engineering Manager,85
239,Lauren King,DevOps Manager,85
240,Nicole Adams,DevOps Manager,86
241,Gregory Brooks,Sr Engineering Manager,86
242,Noah Ramirez,DevOps Manager,86
243,Russell Davis,Engineering Manager,87
244,Grace Davis,Sr Engineering Manager,87
245,Martha Gonzalez,Product Manager,87
246,Mary Sanchez,Product Manager,88
247,Hannah Flores,Sr Engineering Manager,88
248,Adam Collins,Product Manager,89
249,Stephanie Reed,Design Manager,89
250,Jacqueline Jackson,Data Science Manager,89
251,Anthony Torres,Engineering Manager,90
252,Megan Ward,Product Manager,90
253,Kathryn Ross,QA Manager,90
254,Joseph Torres,Engineering Manager,91
255,Timothy Reed,DevOps Manager,91
256,Laura Turner,QA Manager,91
257,Alexander Evans,Product Manager,92
258,Harry Ramos,Sr Engineering Manager,92
259,Kevin Cooper,Data Science Manager,92
260,Nathan Richardson,Sr Engineering Manager,93
261,Sean Gray,Product Manager,93
262,Christine Cooper,QA Manager,93
263,Thomas Chavez,Sr Engineering Manager,94
264,Alexis Cox,Design Manager,94
265,Jason Brown,QA Manager,94
266,Jacob Ortiz,Product Manager,95
267,Jeffrey Collins,Design Manager,95
268,Jacob Thompson,Sr Engineering Manager,95
269,Lawrence Parker,Design Manager,96
270,Ronald Turner,Design Manager,96
271,Christina Ramirez,Sr Engineering Manager,96
272,Janet White,Sr Engineering Manager,97
273,Patricia Martin,QA Manager,97
274,Heather Ramos,Product Manager,97
275,Patricia Clark,Product Manager,98
276,Albert Reyes,Design Manager,98
277,Kyle Davis,Product Manager,98
278,Luis Wilson,Engineering Manager,99
279,Nicole Kelly,Sr Engineering Manager,99
280,Mary Moore,Product Manager,100
281,Billy Watson,Engineering Manager,100
282,Austin Morgan,Sr Engineering Manager,101
283,Donna Price,QA Manager,101
284,Hannah Lee,Engineering Manager,102
285,Kyle Flores,DevOps Manager,102
286,Nathan Patel,Sr Engineering Manager,102
287,Matthew Foster,Engineering Manager,103
288,Zachary Reyes,DevOps Manager,103
289,Douglas Miller,Engineering Manager,104
290,Steven Miller,Design Manager,104
291,Ryan Sanchez,DevOps Manager,104
292,Jeffrey Ortiz,Product Manager,105
293,Zachary Turner,Engineering Manager,105
294,Keith Garcia,QA Manager,106
295,Virginia Price,Engineering Manager,106
296,Rebecca Thomas,DevOps Manager,106
297,Ralph Jimenez,Engineering Manager,107
298,Dylan Chavez,QA Manager,107
299,Ronald Castillo,Product Manager,107
300,Susan Hill,Product Manager,108
301,Gary Morgan,Design Manager,108
302,Carol Jones,Product Manager,109
303,Shirley Bennett,Product Manager,109
304,Timothy Smith,Data Science Manager,109
305,Lori Young,DevOps Manager,110
306,Deborah Parker,Data Science Manager,110
307,Michelle Ruiz,Product Manager,110
308,Willie Sanchez,Design Manager,111
309,Larry Walker,Design Manager,111
310,Amber White,QA Manager,111
311,Nicholas Scott,Data Science Manager,112
312,Edward Perez,Design Manager,112
313,Nancy Martinez,Design Manager,113
314,Helen King,Product Manager,113
315,Heather Walker,Product Manager,113
316,Peter Patel,Product Manager,114
317,Joseph Adams,Engineering Manager,114
318,Ryan Nelson,Data Science Manager,114
319,George James,Product Manager,115
320,Austin Young,Data Science Manager,115
321,Christopher Castillo,Design Manager,116
322,Tyler Cooper,QA Manager,116
323,Logan Wright,Engineering Manager,117
324,Lori Morales,Data Science Manager,117
325,Matthew Moore,DevOps Manager,117
326,Melissa Ross,Design Manager,118
327,Joseph Clark,QA Manager,118
328,Henry Ward,Data Science Manager,118
329,Sara Lee,DevOps Manager,119
330,Jerry Jackson,Engineering Manager,119
331,Sharon Edwards,DevOps Manager,119
332,Dylan Young,Engineering Manager,120
333,Natalie Richardson,DevOps Manager,120
334,Gabriel Morales,QA Manager,120
335,Janice Harris,DevOps Manager,121
336,Victoria Rivera,Product Manager,121
337,Linda Anderson,Product Manager,122
338,Nancy Hughes,Design Manager,122
339,Daniel Murphy,Design Manager,123
340,Michael Gomez,Product Manager,123
341,Austin Brooks,Sr Engineering Manager,124
342,Aaron Reyes,Design Manager,124
343,Beverly Hernandez,Sr Engineering Manager,124
344,Daniel Bennett,Engineering Manager,125
345,Willie Clark,Design Manager,125
346,Paul Sanchez,Product Manager,126
347,Sarah Gonzalez,Data Science Manager,126
348,James Gutierrez,QA Manager,126
349,Denise Rogers,QA Manager,127
350,Joan Hall,Data Science Manager,127
351,Raymond Perez,Engineering Manager,127
352,Jacqueline Cook,Engineering Manager,128
353,Jack Richardson,Sr Engineering Manager,128
354,Bryan Reed,Design Manager,129
355,Anna Perez,Design Manager,129
356,Alexander Adams,Engineering Manager,129
357,Alexis Hill,Sr Engineering Manager,130
358,Scott Gutierrez,Sr Engineering Manager,130
359,Judy Martinez,Product Manager,130
360,Marie Martin,Product Manager,131
361,Brian Richardson,DevOps Manager,131
362,Frances Walker,Design Manager,131
363,Christine Castillo,QA Manager,132
364,Rebecca Morris,Data Science Manager,132
365,Peter Murphy,Data Scientist,133
366,Karen Edwards,Business Analyst,134
367,Donna Hall,Frontend Engineer,135
368,Cheryl Flores,Business Analyst,136
369,Timothy Brown,Security Engineer,137
370,Robert Carter,Sr QA Engineer,138
371,Vincent Anderson,Sr Designer,139
372,Jesse Wright,Backend Engineer,140
373,Doris Carter,Data Scientist,141
374,Theresa Richardson,Software Engineer,142
375,Amy Robinson,QA Engineer,143
376,Marie Reyes,Infrastructure Engineer,144
377,Carl Reyes,Sr Data Scientist,145
378,Victoria Scott,Frontend Engineer,146
379,Evelyn Thomas,Principal Engineer,147
380,Jason Campbell,Sr Engineering Manager,148
381,Ralph Phillips,Backend Engineer,149
382,Amy Davis,Director of Product,150
383,Philip Hughes,Cloud Engineer,151
384,Philip Gomez,Product Manager,152
385,Judith Bennett,Director of Product,153
386,Diane Ramos,Sr Engineering Manager,154
387,John Martinez,Sr Designer,155
388,Donna Diaz,Sr DevOps Engineer,156
389,Carl Stewart,VP of Product,157
390,Angela Kim,Sr Designer,158
391,Angela Torres,Director of Product,159
392,Howard Allen,VP of Product,160
393,Cynthia Rivera,Mobile Engineer,161
394,Denise Peterson,Sr DevOps Engineer,162
395,Sandra Castillo,Technical Writer,163
396,Joseph Ward,Platform Engineer,164
397,Nathan Green,Software Engineer,165
398,Harry Wilson,Platform Engineer,166
399,Carl Gray,Engineering Manager,167
400,Doris Cruz,Sr Program Manager,168
401,Roger Martin,Solutions Architect,169
402,Ashley Nelson,Sr Engineering Manager,170
403,Alexis Harris,Infrastructure Engineer,171
404,Kayla Rogers,Infrastructure Engineer,172
405,Sarah Ortiz,Principal Engineer,173
406,Adam Bailey,Design Lead,174
407,Joshua Young,QA Lead,175
408,Mark Williams,Engineering Manager,176
409,Arthur Wright,QA Engineer,177
410,Dylan Jones,Engineering Manager,178
411,Victoria Robinson,Mobile Engineer,179
412,Harry Richardson,Sr QA Engineer,180
413,Joan James,DevOps Engineer,181
414,Brian Nelson,Sr Designer,182
415,Jordan Scott,Designer,183
416,Carlos Anderson,Designer,184
417,Anthony Reed,VP of Product,185
418,Arthur Adams,Sr Security Engineer,186
419,Charlotte Gutierrez,DevOps Engineer,187
420,Ralph Castillo,Program Manager,188
421,Steven Morales,Sr DevOps Engineer,189
422,Anthony Jones,Product Manager,190
423,Dennis Jackson,Engineering Manager,191
424,Austin Kim,DevOps Engineer,192
425,Kyle Mendoza,Frontend Engineer,193
426,Eric Hall,VP of Engineering,194
427,Laura Collins,Business Analyst,195
428,Justin Baker,Sr Security Engineer,196
429,Samantha Hill,Software Engineer,197
430,Joshua Adams,Engineering Manager,198
431,Jennifer Gutierrez,DevOps Engineer,199
432,Harold Miller,Backend Engineer,200
433,Carl Myers,Sr QA Engineer,201
434,Christina Nguyen,Program Manager,202
435,Philip Morgan,Infrastructure Engineer,203
436,Kayla Moore,Engineering Manager,204
437,Amy Reed,Sr Data Scientist,205
438,Nicole Parker,Principal Engineer,206
439,Jeffrey Chavez,Sr QA Engineer,207
440,Teresa Cook,Director of Product,208
441,Heather Cooper,Sr Data Scientist,209
442,Kelly Davis,Sr Engineering Manager,210
443,Paul Wilson,Cloud Engineer,211
444,Bryan Moore,Designer,212
445,Shirley Kelly,Director of Product,213
446,Helen Campbell,Sr Security Engineer,214
447,Helen Martin,Data Engineer,215
448,Gerald Clark,SRE,216
449,Daniel Allen,Design Lead,217
450,Howard Hall,VP of Engineering,218
451,Harry Parker,Sr Software Engineer,219
452,Jennifer Miller,Sr Program Manager,220
453,Patrick Thomas,Director of Design,221
454,Eugene Murphy,Product Manager,222
455,Christina King,Sr QA Engineer,223
456,Aaron Williams,Mobile Engineer,224
457,Betty Sanchez,Backend Engineer,225
458,Emily Lewis,Designer,226
459,Megan Mendoza,QA Lead,227
460,Matthew Ramirez,Sr QA Engineer,228
461,Alan Castillo,Sr Security Engineer,229
462,Brian Thompson,Sr Engineering Manager,230
463,Ruth Johnson,Security Engineer,231
464,Carlos Brooks,SRE,232
465,Martha Torres,Data Scientist,233
466,Amanda Cook,Cloud Engineer,234
467,Eugene Gomez,Director of Engineering,235
468,Noah Reyes,Product Manager,236
469,Carlos Watson,Designer,237
470,Larry Stewart,VP of Product,238
471,Margaret Foster,Designer,239
472,Frances Jimenez,Data Engineer,240
473,David Jimenez,Staff Engineer,241
474,Christopher Hall,VP of Product,242
475,Theresa Wood,Sr Security Engineer,243
476,Hannah Hall,Staff Engineer,244
477,Kathleen Foster,Platform Engineer,245
478,Randy Kim,Sr Engineering Manager,246
479,Alice Baker,Sr Security Engineer,247
480,Tyler Ramirez,Sr Engineering Manager,248
481,Rebecca Castillo,Software Engineer,249
482,Ronald Ortiz,Engineering Manager,250
483,Harold Castillo,Staff Engineer,251
484,Stephen Cox,Sr Program Manager,252
485,Joan Campbell,Data Engineer,253
486,Gabriel Hall,Frontend Engineer,254
487,Carlos Morgan,Director of Design,255
488,Jose Garcia,Full Stack Engineer,256
489,Carol Richardson,Data Scientist,257
490,Christopher James,Engineering Manager,258
491,Scott Walker,VP of Product,259
492,Jack King,Data Engineer,260
493,Sara Nelson,Staff Engineer,261
494,Teresa Perez,DevOps Engineer,262
495,Diane Evans,Sr Designer,263
496,Amanda Bailey,VP of Product,264
497,Rebecca Perez,Director of Product,265
498,Samantha Thompson,Data Engineer,266
499,Alice Phillips,Sr Program Manager,267
500,Edward Campbell,Frontend Engineer,268
501,Marilyn Hughes,Mobile Engineer,269
502,Charlotte Lee,Engineering Manager,270
503,Sophia Cooper,Principal Engineer,271
504,Debra Campbell,Design Lead,272
505,Bruce Jones,VP of Product,273
506,Hannah Cruz,Sr Security Engineer,274
507,Tyler Harris,Designer,275
508,Samuel Mitchell,Business Analyst,276
509,Frank Johnson,Staff Engineer,277
510,Emily Rodriguez,DevOps Engineer,278
511,Maria Bennett,VP of Product,279
512,Amanda Evans,Sr DevOps Engineer,280
513,Donald Bailey,Engineering Manager,281
514,Stephanie Jackson,Sr Program Manager,282
515,Carol Kelly,VP of Engineering,283
516,Hannah Brooks,Sr DevOps Engineer,284
517,Wayne Myers,Solutions Architect,285
518,Virginia Baker,VP of Product,286
519,Karen Watson,DevOps Engineer,287
520,Catherine Ross,Data Engineer,288
521,Larry Parker,Sr Software Engineer,289
522,Ryan Cox,QA Engineer,290
523,Cynthia Evans,Platform Engineer,291
524,Michelle Sanchez,Business Analyst,292
525,Debra Wright,Data Engineer,293
526,Alexander Carter,Sr Product Manager,294
527,Virginia Morgan,Product Manager,295
528,Ann Taylor,Designer,296
529,Nicholas Mendoza,Principal Engineer,297
530,Lawrence Wilson,Director of Product,298
531,Carol Nelson,Security Engineer,299
532,Marilyn Clark,Program Manager,300
533,Michelle Jackson,Program Manager,301
534,Megan Rogers,ML Engineer,302
535,Angela Thompson,Frontend Engineer,303
536,Joan Walker,Sr Designer,304
537,Maria Morales,Cloud Engineer,305
538,Gerald Walker,Platform Engineer,306
539,Carolyn Collins,Data Scientist,307
540,Aaron Hall,VP of Engineering,308
541,Timothy Cook,Full Stack Engineer,309
542,Carolyn Morgan,VP of Engineering,310
543,Eugene Young,Director of Engineering,311
544,Sandra Brooks,Infrastructure Engineer,312
545,Helen Collins,Director of Design,313
546,Linda Murphy,Sr Security Engineer,314
547,Patrick Martinez,ML Engineer,315
548,Charles Cox,Sr Engineering Manager,316
549,Christopher Edwards,Business Analyst,317
550,Michelle Garcia,Product Manager,318
551,Jason Mendoza,Sr Product Manager,319
552,David Rivera,Data Engineer,320
553,John Morales,Infrastructure Engineer,321
554,Gloria Richardson,Cloud Engineer,322
555,Natalie Nelson,Data Engineer,323
556,Catherine Jones,Data Engineer,324
557,Kenneth Perez,Platform Engineer,325
558,Wayne Peterson,Sr Designer,326
559,Anthony Carter,VP of Product,327
560,Marie Castillo,Data Scientist,328
561,Brittany Jackson,Business Analyst,329
562,Megan Cox,Data Scientist,330
563,Rachel Miller,Business Analyst,331
564,Nancy Watson,Backend Engineer,332
565,Johnny Nelson,Sr Designer,333
566,Frank Hernandez,Data Engineer,334
567,Kevin Hughes,QA Lead,335
568,Virginia Bennett,Solutions Architect,336
569,George Nguyen,QA Engineer,337
570,Richard Reyes,Sr Product Manager,338
571,Joshua Wright,Frontend Engineer,339
572,Bruce Davis,Designer,340
573,Madison Wright,Frontend Engineer,341
574,Brian Hughes,Solutions Architect,342
575,Gregory Thomas,Staff Engineer,343
576,Ralph Sanchez,Security Engineer,344
577,Walter Young,Director of Product,345
578,Jesse Rivera,QA Engineer,346
579,Alan Reyes,Sr DevOps Engineer,347
580,Jesse Roberts,Data Engineer,348
581,Paul Walker,Sr Designer,349
582,Samuel Perez,Principal Engineer,350
583,Larry Chavez,Sr Security Engineer,351
584,James Ross,Sr DevOps Engineer,352
585,Cynthia Cruz,QA Lead,353
586,Anthony Smith,Technical Writer,354
587,Jessica Mendoza,Sr QA Engineer,355
588,Eric Hernandez,QA Engineer,356
589,Jason Allen,Program Manager,357
590,Kelly Torres,VP of Product,358
591,Douglas Edwards,Full Stack Engineer,359
592,Megan Walker,Engineering Manager,360
593,Richard Sanders,Sr QA Engineer,361
594,Amber Peterson,Staff Engineer,362
595,Jason Gomez,Cloud Engineer,363
596,Ashley Garcia,Director of Engineering,364
597,Susan Wilson,Sr QA Engineer,133
598,Lawrence Adams,Sr Software Engineer,134
599,Willie Turner,Security Engineer,135
600,Amy White,DevOps Engineer,136
601,Johnny Cook,SRE,137
602,Ruth Baker,VP of Product,138
603,Christopher Foster,Security Engineer,139
604,Martha Parker,Technical Writer,140
605,Cynthia Nelson,Principal Engineer,141
606,Heather Robinson,Designer,142
607,Lawrence Peterson,VP of Engineering,143
608,Ryan Hughes,Sr DevOps Engineer,144
609,Jeffrey Miller,Sr DevOps Engineer,145
610,Sara Gonzalez,Frontend Engineer,146
611,Carl Price,Product Manager,147
612,Joseph Hernandez,Director of Design,148
613,Scott Wood,ML Engineer,149
614,Betty Myers,Director of Product,150
615,Christian Bennett,VP of Engineering,151
616,Logan Thompson,Sr Software Engineer,152
617,Anthony Ruiz,Solutions Architect,153
618,Christopher Hughes,VP of Engineering,154
619,Betty Kim,Director of Product,155
620,Sean Brown,Engineering Manager,156
621,Sarah Bailey,QA Lead,157
622,Kyle Johnson,Technical Writer,158
623,Russell Cooper,Frontend Engineer,159
624,Douglas Howard,Platform Engineer,160
625,Jordan Ortiz,DevOps Engineer,161
626,Ronald Wright,QA Lead,162
627,Walter Ramos,Program Manager,163
628,Dennis Adams,Staff Engineer,164
629,Robert King,ML Engineer,165
630,Patrick Bailey,Software Engineer,166
631,Kevin Martinez,VP of Product,167
632,Eric Clark,Software Engineer,168
633,Ryan Ruiz,Designer,169
634,Stephen Diaz,Designer,170
635,Heather Lopez,Solutions Architect,171
636,Mary Clark,Full Stack Engineer,172
637,Lawrence Gomez,Director of Engineering,173
638,Bruce Harris,VP of Engineering,174
639,Daniel Jones,Data Scientist,175
640,Jean King,Sr Program Manager,176
641,Brittany Reed,Data Scientist,177
642,Anna Williams,Program Manager,178
643,Eric Reyes,Principal Engineer,179
644,Amanda Campbell,Engineering Manager,180
645,Victoria Sanders,Sr Engineering Manager,181
646,Judith Peterson,Frontend Engineer,182
647,Carolyn Howard,Design Lead,183
648,Diana Miller,Data Scientist,184
649,Jennifer Richardson,Sr Engineering Manager,185
650,Albert Martin,Sr Designer,186
651,Rebecca Johnson,Design Lead,187
652,Eric Walker,Program Manager,188
653,Mark Price,Program Manager,189
654,John Sanchez,Principal Engineer,190
655,Philip Hall,Program Manager,191
656,Helen Jones,Security Engineer,192
657,Wayne Jackson,VP of Engineering,193
658,Emma Evans,Sr Product Manager,194
659,Alexander Hill,DevOps Engineer,195
660,Pamela Price,Solutions Architect,196
661,Katherine Jimenez,Design Lead,197
662,John Turner,Director of Product,198
663,Donna Wilson,Product Manager,199
664,Samantha Gray,Business Analyst,200
665,Patrick Jones,Data Engineer,201
666,Christian Reyes,Engineering Manager,202
667,Kathryn Cook,Platform Engineer,203
668,Emily Jimenez,Technical Writer,204
669,Jose Lewis,Full Stack Engineer,205
670,Lori Hall,ML Engineer,206
671,Jonathan Garcia,Infrastructure Engineer,207
672,Maria Chavez,Sr Software Engineer,208
673,Austin Young,Sr Product Manager,209
674,Eugene Lee,Design Lead,210
675,Brittany Torres,Platform Engineer,211
676,Raymond Edwards,Engineering Manager,212
677,Donna Miller,Business Analyst,213
678,Doris Ward,Data Scientist,214
679,Dorothy Hernandez,Infrastructure Engineer,215
680,Linda Rogers,Program Manager,216
681,Joyce Castillo,Technical Writer,217
682,Jessica Gonzalez,QA Lead,218
683,David Jones,Cloud Engineer,219
684,Billy Parker,Designer,220
685,Samantha Gray,Solutions Architect,221
686,Patricia Rodriguez,Sr Security Engineer,222
687,Jacob Alvarez,Security Engineer,223
688,Vincent Lopez,Program Manager,224
689,Ruth Thomas,Platform Engineer,225
690,Sharon Bennett,Mobile Engineer,226
691,Joan Martinez,Staff Engineer,227
692,Gregory Diaz,Mobile Engineer,228
693,Margaret Rogers,Principal Engineer,229
694,Brenda Lopez,Software Engineer,230
695,Kenneth Anderson,Frontend Engineer,231
696,Angela Roberts,Software Engineer,232
697,Joseph Flores,Cloud Engineer,233
698,Paul Baker,QA Engineer,234
699,Keith Evans,Program Manager,235
700,Sophia Thomas,Infrastructure Engineer,236
701,Judy Wood,ML Engineer,237
702,Kathleen Morris,Sr QA Engineer,238
703,Diane Kelly,Sr Software Engineer,239
704,Sara Scott,Infrastructure Engineer,240
705,Danielle Morgan,Sr DevOps Engineer,241
706,Abigail Rogers,Staff Engineer,242
707,Lauren Ross,QA Lead,243
708,Aaron Taylor,Sr Software Engineer,244
709,Roy Rodriguez,ML Engineer,245
710,Timothy Thompson,Principal Engineer,246
711,Donna Harris,Business Analyst,247
712,Alice Lee,Sr DevOps Engineer,248
713,Janice Mitchell,VP of Engineering,249
714,Mark Reyes,Director of Engineering,250
715,Beverly Diaz,Mobile Engineer,251
716,Martha Carter,SRE,252
717,Charles Cook,VP of Engineering,253
718,Michelle Brooks,Cloud Engineer,254
719,Brian Howard,Technical Writer,255
720,Matthew Young,Backend Engineer,256
721,Margaret Richardson,Sr Designer,257
722,Vincent Brooks,Director of Design,258
723,Nicholas Nguyen,Staff Engineer,259
724,Albert Brooks,Sr Product Manager,260
725,Eric Morris,SRE,261
726,Edward Howard,Staff Engineer,262
727,Martha Rogers,Frontend Engineer,263
728,Frank Ramos,Engineering Manager,264
729,Linda Morales,Engineering Manager,265
730,Austin Long,Business Analyst,266
731,Doris Sanders,Solutions Architect,267
732,Megan Sanchez,Designer,268
733,Donna Bailey,Frontend Engineer,269
734,Betty Foster,QA Engineer,270
735,Bruce Ramirez,Cloud Engineer,271
736,Marie Torres,DevOps Engineer,272
737,Hannah Ortiz,Data Engineer,273
738,Jordan Collins,Sr QA Engineer,274
739,Carl Nelson,Sr DevOps Engineer,275
740,Stephanie Rodriguez,Sr Data Scientist,276
741,Charles Lewis,Sr QA Engineer,277
742,Russell Myers,Engineering Manager,278
743,Deborah Garcia,Sr Product Manager,279
744,Harold Scott,Full Stack Engineer,280
745,Gabriel Hernandez,Engineering Manager,281
746,Brenda Carter,Solutions Architect,282
747,Robert Ramos,Designer,283
748,William Ward,Sr Data Scientist,284
749,Brian Wright,Staff Engineer,285
750,Julie Walker,Sr Designer,286
751,Kyle Cook,Cloud Engineer,287
752,Frances Sanchez,Sr Data Scientist,288
753,Helen Roberts,Sr Engineering Manager,289
754,Alan Kim,Sr Security Engineer,290
755,Teresa Jimenez,Backend Engineer,291
756,Douglas Rogers,DevOps Engineer,292
757,Keith Stewart,Staff Engineer,293
758,Ronald Walker,Design Lead,294
759,Joseph Robinson,Frontend Engineer,295
760,George Cox,Director of Design,296
761,Megan Hall,Sr QA Engineer,297
762,Kevin Robinson,Sr QA Engineer,298
763,Willie Jones,Infrastructure Engineer,299
764,Jean Anderson,Mobile Engineer,300
765,Denise Wilson,Sr Product Manager,301
766,Harry Brooks,Backend Engineer,302
767,Carlos Price,Sr Engineering Manager,303
768,Christopher Williams,ML Engineer,304
769,Alice Adams,Sr Software Engineer,305
770,Gabriel Gutierrez,Sr DevOps Engineer,306
771,Kimberly Rivera,VP of Engineering,307
772,Heather Foster,Sr Security Engineer,308
773,Andrew Carter,Infrastructure Engineer,309
774,Alexander Ross,Security Engineer,310
775,Shirley Ward,Business Analyst,311
776,Ethan Brown,Frontend Engineer,312
777,Mark Taylor,Sr Security Engineer,313
778,Stephanie Cooper,Sr DevOps Engineer,314
779,Katherine Brooks,Principal Engineer,315
780,Isabella Peterson,Security Engineer,316
781,Patricia Cook,Sr Security Engineer,317
782,Christopher Thompson,Designer,318
783,Emma Gonzalez,QA Lead,319
784,Virginia Moore,Full Stack Engineer,320
785,Pamela King,Director of Engineering,321
786,Diane Gonzalez,DevOps Engineer,322
787,Rachel Kim,Engineering Manager,323
788,Elizabeth Turner,Director of Product,324
789,Brian Young,Sr Security Engineer,325
790,Aaron Johnson,Sr Software Engineer,326
791,Judy Walker,Sr Data Scientist,327
792,Amy Walker,SRE,328
793,Jacqueline Richardson,Infrastructure Engineer,329
794,Cynthia Stewart,Sr DevOps Engineer,330
795,Lori Castillo,Backend Engineer,331
796,Alan Ramirez,Data Engineer,332
797,Zachary Morgan,DevOps Engineer,333
798,Helen Lopez,Sr Security Engineer,334
799,Patricia King,QA Engineer,335
800,Susan Long,Director of Product,336
801,Aaron Garcia,Data Scientist,337
802,Sarah Adams,ML Engineer,338
803,Theresa Kelly,Technical Writer,339
804,Anna Reyes,Sr Software Engineer,340
805,Charlotte Baker,Business Analyst,341
806,Jean Evans,QA Engineer,342
807,Debra Thomas,SRE,343
808,Steven Chavez,Mobile Engineer,344
809,Arthur Richardson,SRE,345
810,Christopher Mitchell,Sr QA Engineer,346
811,Doris Thompson,Frontend Engineer,347
812,Jack Gomez,Security Engineer,348
813,Anthony Wright,Program Manager,349
814,Janet Anderson,Engineering Manager,350
815,Marilyn Miller,DevOps Engineer,351
816,Ann Ortiz,Sr Program Manager,352
817,John Price,Platform Engineer,353
818,Brandon Young,Cloud Engineer,354
819,Angela Ward,Design Lead,355
820,Lori Hill,Design Lead,356
821,Deborah Williams,QA Engineer,357
822,Eric Young,Program Manager,358
823,Cynthia Phillips,Sr DevOps Engineer,359
824,Charlotte Adams,Platform Engineer,360
825,Austin Thomas,Cloud Engineer,361
826,Kimberly Hall,ML Engineer,362
827,Johnny Nguyen,QA Lead,363
828,Ashley Rogers,Security Engineer,364
829,Dennis Miller,Backend Engineer,133
830,Joan Cook,Director of Engineering,134
831,Jerry Reyes,QA Engineer,135
832,Kathryn Phillips,Data Scientist,136
833,Anna Torres,ML Engineer,137
834,Rebecca Morgan,DevOps Engineer,138
835,Joyce Martinez,Program Manager,139
836,Lauren Jimenez,Engineering Manager,140
837,Sean King,Product Manager,141
838,Brittany Ross,Designer,142
839,Theresa Long,Sr Engineering Manager,143
840,Jeffrey Hill,Sr Security Engineer,144
841,Catherine Price,Software Engineer,145
842,Angela Flores,Sr QA Engineer,146
843,Helen Kim,Infrastructure Engineer,147
844,Carlos Jones,Sr QA Engineer,148
845,Theresa Castillo,QA Lead,149
846,Carl Ramirez,Director of Engineering,150
847,Edward Thompson,Business Analyst,151
848,William Cook,Frontend Engineer,152
849,Sharon Howard,Design Lead,153
850,Peter Morales,Sr Software Engineer,154
851,Angela Lee,Data Scientist,155
852,Scott Price,Product Manager,156
853,Pamela Flores,Sr Software Engineer,157
854,Samuel Gutierrez,Sr DevOps Engineer,158
855,Eric Peterson,Technical Writer,159
856,Marie Brooks,QA Lead,160
857,Brenda Taylor,Director of Engineering,161
858,Ashley Kelly,Platform Engineer,162
859,Judy Watson,SRE,163
860,Jeffrey Morris,Platform Engineer,164
861,Ronald Scott,DevOps Engineer,165
862,Kyle Rivera,Sr Data Scientist,166
863,John Myers,Sr Designer,167
864,Henry Ortiz,Sr Security Engineer,168
865,Jonathan Young,Cloud Engineer,169
866,Beverly Ross,Sr Data Scientist,170
867,Andrew Miller,Director of Design,171
868,Edward Cook,Principal Engineer,172
869,Kayla White,Principal Engineer,173
870,Martha James,Designer,174
871,Marilyn Baker,Software Engineer,175
872,Joshua Walker,SRE,176
873,Mary Green,Director of Engineering,177
874,Marilyn Rogers,Business Analyst,178
875,Sharon Green,VP of Product,179
876,Terry Turner,Mobile Engineer,180
877,Gerald Ramos,Frontend Engineer,181
878,Margaret Lee,Director of Product,182
879,Harry Sanders,Designer,183
880,Debra Rogers,Sr Engineering Manager,184
881,Charlotte Jones,Sr QA Engineer,185
882,Debra Davis,Principal Engineer,186
883,Vincent Williams,Backend Engineer,187
884,Timothy Sanchez,SRE,188
885,Christine Kelly,Software Engineer,189
886,Billy James,Product Manager,190
887,Joan Anderson,Technical Writer,191
888,Beverly Ramirez,Data Scientist,192
889,Karen Rogers,Sr DevOps Engineer,193
890,Sophia Jackson,Engineering Manager,194
891,Albert Richardson,QA Engineer,195
892,Stephen Torres,DevOps Engineer,196
893,Justin Thomas,Sr QA Engineer,197
894,Daniel Rivera,Solutions Architect,198
895,Emily Cook,Sr Security Engineer,199
896,Timothy Patel,Sr Designer,200
897,Kathryn Wright,Program Manager,201
898,Dorothy Hall,Sr Program Manager,202
899,Patricia Wood,Backend Engineer,203
900,Kimberly Anderson,Security Engineer,204
901,Ruth Martinez,Security Engineer,205
902,Christine Brooks,QA Lead,206
903,Angela Mitchell,Mobile Engineer,207
904,Howard Thomas,Designer,208
905,Paul Cook,Engineering Manager,209
906,Andrea Price,DevOps Engineer,210
907,Elizabeth Clark,Full Stack Engineer,211
908,Zachary Hall,Sr Data Scientist,212
909,Jesse Richardson,Product Manager,213
910,Patrick Turner,Design Lead,214
911,Timothy Adams,Engineering Manager,215
912,Denise Cruz,Sr DevOps Engineer,216
913,Joyce Smith,Design Lead,217
914,Joan Lee,Sr Engineering Manager,218
915,Jean Williams,Sr Security Engineer,219
916,Victoria White,Sr Security Engineer,220
917,Virginia Perez,ML Engineer,221
918,Lawrence Parker,Sr DevOps Engineer,222
919,Andrea Miller,Mobile Engineer,223
920,Ann Bennett,Mobile Engineer,224
921,Judy Martinez,Sr QA Engineer,225
922,Maria Roberts,Sr Software Engineer,226
923,Daniel Morales,Technical Writer,227
924,Hannah White,VP of Engineering,228
925,Jennifer Campbell,Security Engineer,229
926,Jacob White,Design Lead,230
927,Kevin Scott,Director of Design,231
928,Eric Mitchell,Sr DevOps Engineer,232
929,Charles Torres,Engineering Manager,233
930,Vincent Parker,Sr QA Engineer,234
931,Anna Gutierrez,Sr Product Manager,235
932,Susan Rogers,Backend Engineer,236
933,Theresa Ward,Technical Writer,237
934,Kayla Wood,Security Engineer,238
935,Logan Williams,Software Engineer,239
936,Diane Price,Technical Writer,240
937,Albert Lopez,Sr Data Scientist,241
938,Maria Hernandez,QA Engineer,242
939,Jack Long,Sr Designer,243
940,Ronald Carter,Director of Engineering,244
941,Frances Ramos,Solutions Architect,245
942,Sandra Gomez,Frontend Engineer,246
943,Roy Garcia,Mobile Engineer,247
944,Doris Gutierrez,QA Engineer,248
945,Heather Evans,Technical Writer,249
946,Kenneth Myers,VP of Product,250
947,Arthur Torres,Technical Writer,251
948,Bruce Johnson,QA Engineer,252
949,Randy Jones,Technical Writer,253
950,Carlos Cook,Software Engineer,254
951,Virginia Lee,Director of Design,255
952,Marie Johnson,DevOps Engineer,256
953,Carolyn Bailey,Frontend Engineer,257
954,Larry Evans,Sr Designer,258
955,Anthony Richardson,Solutions Architect,259
956,Philip Hernandez,Sr Data Scientist,260
957,Philip Richardson,Cloud Engineer,261
958,Kimberly Gonzalez,SRE,262
959,Joan Nelson,Sr DevOps Engineer,263
960,Eugene Collins,Sr Data Scientist,264
961,Angela Hernandez,Full Stack Engineer,265
962,Sandra Gonzalez,Sr Program Manager,266
963,Jacob Patel,VP of Engineering,267
964,Roy Robinson,Sr Engineering Manager,268
965,Joseph Kelly,SRE,269
966,Ruth Campbell,Mobile Engineer,270
967,Justin Williams,Product Manager,271
968,Zachary Ramos,Full Stack Engineer,272
969,Christina Long,Product Manager,273
970,Douglas Green,Sr QA Engineer,274
971,Hannah Gray,Product Manager,275
972,Brian Robinson,Infrastructure Engineer,276
973,Angela Murphy,SRE,277
974,Jonathan Stewart,VP of Engineering,278
975,Logan Cox,Sr Security Engineer,279
976,Hannah Murphy,Backend Engineer,280
977,Michelle Allen,Business Analyst,281
978,Carolyn Ward,ML Engineer,282
979,Stephen Lopez,Mobile Engineer,283
980,Gregory Hill,Technical Writer,284
981,Kelly Adams,Frontend Engineer,285
982,Emma Ruiz,Cloud Engineer,286
983,Billy Sanders,Technical Writer,287
984,Debra Perez,Frontend Engineer,288
985,Brian Robinson,Software Engineer,289
986,Margaret Phillips,Cloud Engineer,290
987,Anthony Edwards,Mobile Engineer,291
988,Laura Anderson,Business Analyst,292
989,Paul Lopez,Sr Software Engineer,293
990,Frank Campbell,Director of Engineering,294
991,Shirley Gray,Principal Engineer,295
992,Kyle Ortiz,Data Scientist,296
993,Katherine Williams,Data Engineer,297
994,Marie Green,Security Engineer,298
995,Helen Allen,Sr Software Engineer,299
996,Peter Patel,Software Engineer,300
997,Lawrence Young,DevOps Engineer,301
998,Alice Kelly,Sr Software Engineer,302
999,Christina Thompson,VP of Engineering,303
1000,Beverly Lewis,Program Manager,304